{"update_time_mean": 0.02631578947368421052631578947, "license_mean": 0.9736842105263157894736842105, "format_mean": 0.625}