{"update_time_mean": 0, "license_mean": 0.9733333333333333333333333333, "format_mean": 0.6333333333333333333333333333}