{"license_mean": 0.9733333333333334, "format_mean": 0.6333333333333333, "update_time_mean": 0}