{"update_time_mean": 0.01315789473684210526315789474, "license_mean": 0.9736842105263157894736842105, "format_mean": 0.625}