{"update_time_mean": 0.1333333333333333333333333333, "license_mean": 0.9333333333333333333333333333, "format_mean": 1}