{"update_time_mean": 0.4666666666666666666666666667, "license_mean": 0.9333333333333333333333333333, "format_mean": 1}