{"update_time_mean": 0.06929046563192904656319290466, "license_mean": 0.8946784922394678492239467849, "format_mean": 0.2067627494456762749445676275}