{"update_time_mean": 0.06592178770949720670391061453, "license_mean": 0.9016759776536312849162011173, "format_mean": 0.2083798882681564245810055866}