{"update_time_mean": 0.06776765375854214123006833713, "license_mean": 0.9191343963553530751708428246, "format_mean": 0.2124145785876993166287015945}