{"license_mean": 0.9460093896713615, "format_mean": 0.21889671361502347, "update_time_mean": 0.04401408450704225}