{"update_time_mean": 0.06957013574660633484162895928, "license_mean": 0.9128959276018099547511312217, "format_mean": 0.2109728506787330316742081448}