{"update_time_mean": 0.07223476297968397291196388262, "license_mean": 0.9108352144469525959367945824, "format_mean": 0.2104966139954853273137697517}