{"license_mean": 0.9264367816091954, "format_mean": 0.21436781609195402, "update_time_mean": 0.06436781609195402}