{"update_time_mean": 0.06764374295377677564825253664, "license_mean": 0.9098083427282976324689966178, "format_mean": 0.2102593010146561443066516347}