{"license_mean": 0.6677713338856669, "format_mean": 0.15451532725766362, "update_time_mean": 0.02444076222038111}