{"update_time_mean": 0.06369785794813979706877113867, "license_mean": 0.9098083427282976324689966178, "format_mean": 0.2102593010146561443066516347}