{"license_mean": 0.9361207897793263, "format_mean": 0.21660859465737514, "update_time_mean": 0.05400696864111498}