{"update_time_mean": 0.05862068965517241379310344828, "license_mean": 0.9264367816091954022988505747, "format_mean": 0.2143678160919540229885057471}