{"update_time_mean": 0.044921875, "license_mean": 0.97265625, "format_mean": 0}