{"update_time_mean": 0.021484375, "license_mean": 0.97265625, "format_mean": 0}