{"license_mean": 0.9725490196078431, "format_mean": 0, "update_time_mean": 0.06666666666666667}