{"update_time_mean": 0.002865329512893982808022922636, "license_mean": 0.9484240687679083094555873926, "format_mean": 0.1604584527220630372492836676}