{"update_time_mean": 0.01575931232091690544412607450, "license_mean": 0.9484240687679083094555873926, "format_mean": 0.1575931232091690544412607450}