{"license_mean": 0.9475218658892128, "format_mean": 0.14431486880466474, "update_time_mean": 0}