{"update_time_mean": 0.02005730659025787965616045845, "license_mean": 0.9484240687679083094555873926, "format_mean": 0.1604584527220630372492836676}