{"update_time_mean": 0, "license_mean": 0.7392290249433106575963718821, "format_mean": 0.2006802721088435374149659864}