{"update_time_mean": 0.002906976744186046511627906977, "license_mean": 0.9476744186046511627906976744, "format_mean": 0.1453488372093023255813953488}