{"license_mean": 0.7392290249433107, "format_mean": 0.20068027210884354, "update_time_mean": 0}