{"update_time_mean": 0, "license_mean": 0.9475218658892128279883381924, "format_mean": 0.1443148688046647230320699708}