{"update_time_mean": 0.007267441860465116279069767442, "license_mean": 0.9476744186046511627906976744, "format_mean": 0.1453488372093023255813953488}