{"update_time_mean": 0, "license_mean": 0.6185567010309278350515463918, "format_mean": 0.5051546391752577319587628866}