{"update_time_mean": 0.2121212121212121212121212121, "license_mean": 1, "format_mean": 0.8030303030303030303030303030}