{"update_time_mean": 0.1969696969696969696969696970, "license_mean": 1, "format_mean": 0.8030303030303030303030303030}