{"update_time_mean": 0.2089552238805970149253731343, "license_mean": 1, "format_mean": 0.8059701492537313432835820896}