{"update_time_mean": 0.5074626865671641791044776119, "license_mean": 1, "format_mean": 0.8059701492537313432835820896}