{"update_time_mean": 0.2835820895522388059701492537, "license_mean": 1, "format_mean": 0.8059701492537313432835820896}