{"update_time_mean": 0.5149253731343283582089552239, "license_mean": 1, "format_mean": 0.8059701492537313432835820896}