{"update_time_mean": 0.03731343283582089552238805970, "license_mean": 1, "format_mean": 0.8059701492537313432835820896}