{"update_time_mean": 0.2611940298507462686567164179, "license_mean": 1, "format_mean": 0.8059701492537313432835820896}