{"update_time_mean": 0.2164179104477611940298507463, "license_mean": 1, "format_mean": 0.8059701492537313432835820896}