{"license_mean": 0.6262626262626263, "format_mean": 0.5050505050505051, "update_time_mean": 0}