{"update_time_mean": 0.2761194029850746268656716418, "license_mean": 1, "format_mean": 0.8059701492537313432835820896}