{"update_time_mean": 0.3358208955223880597014925373, "license_mean": 1, "format_mean": 0.8059701492537313432835820896}