{"update_time_mean": 0.2045454545454545454545454545, "license_mean": 1, "format_mean": 0.8030303030303030303030303030}