{"update_time_mean": 0.2462686567164179104477611940, "license_mean": 1, "format_mean": 0.8059701492537313432835820896}