{"update_time_mean": 0.2272727272727272727272727273, "license_mean": 1, "format_mean": 0.8030303030303030303030303030}