{"license_mean": 0.6372549019607843, "format_mean": 0.5098039215686274, "update_time_mean": 0}