{"update_time_mean": 0.05844155844155844155844155844, "license_mean": 1, "format_mean": 0.7727272727272727272727272727}