{"update_time_mean": 0.02597402597402597402597402597, "license_mean": 1, "format_mean": 0.7727272727272727272727272727}