{"license_mean": 1, "format_mean": 0.7727272727272727, "update_time_mean": 0.045454545454545456}