{"update_time_mean": 0.06493506493506493506493506494, "license_mean": 1, "format_mean": 0.7727272727272727272727272727}