{"update_time_mean": 0.05194805194805194805194805195, "license_mean": 1, "format_mean": 0.7727272727272727272727272727}