{"update_time_mean": 0.03246753246753246753246753247, "license_mean": 1, "format_mean": 0.7727272727272727272727272727}