{"update_time_mean": 0.01948051948051948051948051948, "license_mean": 1, "format_mean": 0.7727272727272727272727272727}