{"license_mean": 0.9746835443037974, "format_mean": 0.759493670886076, "update_time_mean": 0.04430379746835443}