{"update_time_mean": 0, "license_mean": 0.8840579710144927536231884058, "format_mean": 0.7681159420289855072463768116}