{"license_mean": 0.8840579710144928, "format_mean": 0.7681159420289855, "update_time_mean": 0}