{"update_time_mean": 0.01851851851851851851851851852, "license_mean": 0, "format_mean": 0.6296296296296296296296296296}