{"license_mean": 0, "format_mean": 0.6296296296296297, "update_time_mean": 0.018518518518518517}