{"update_time_mean": 0.5092592592592592592592592593, "license_mean": 0.9074074074074074074074074074, "format_mean": 0.3703703703703703703703703704}