{"update_time_mean": 0.03703703703703703703703703704, "license_mean": 0.9074074074074074074074074074, "format_mean": 0.3703703703703703703703703704}