{"update_time_mean": 0.5, "license_mean": 0.9074074074074074074074074074, "format_mean": 0.3703703703703703703703703704}