{"license_mean": 0.9074074074074074, "format_mean": 0.37037037037037035, "update_time_mean": 0.037037037037037035}