{"update_time_mean": 0.2777777777777777777777777778, "license_mean": 0.9074074074074074074074074074, "format_mean": 0.3703703703703703703703703704}