{"update_time_mean": 0, "license_mean": 0.9061371841155234657039711191, "format_mean": 0.5722021660649819494584837545}