{"license_mean": 0.9068100358422939, "format_mean": 0.5716845878136201, "update_time_mean": 0}