{"update_time_mean": 0.01181102362204724409448818898, "license_mean": 0.9960629921259842519685039370, "format_mean": 0.6279527559055118110236220472}