{"license_mean": 0.9960629921259843, "format_mean": 0.6279527559055118, "update_time_mean": 0.025590551181102362}