{"update_time_mean": 0, "license_mean": 0.9957203994293865905848787447, "format_mean": 0.01141226818830242510699001427}