{"update_time_mean": 0.09307692307692307692307692308, "license_mean": 0.9953846153846153846153846154, "format_mean": 0.01230769230769230769230769231}