{"license_mean": 0.9953271028037384, "format_mean": 0.010903426791277258, "update_time_mean": 0}