{"license_mean": 0.9167862266857962, "format_mean": 0.010043041606886656, "update_time_mean": 0}