{"update_time_mean": 0.1848998459167950693374422188, "license_mean": 0.9953775038520801232665639445, "format_mean": 0.01078582434514637904468412943}