{"update_time_mean": 0.1590584878744650499286733238, "license_mean": 0.9957203994293865905848787447, "format_mean": 0.01141226818830242510699001427}