{"license_mean": 0.9953775038520801, "format_mean": 0.01078582434514638, "update_time_mean": 0.09244992295839753}