{"update_time_mean": 0, "license_mean": 0.9167862266857962697274031564, "format_mean": 0.01004304160688665710186513630}