{"license_mean": 1, "format_mean": 0.7619047619047619, "update_time_mean": 0.023809523809523808}