{"license_mean": 0.964516129032258, "format_mean": 0.6225806451612903, "update_time_mean": 0.00967741935483871}