{"update_time_mean": 0.01980198019801980198019801980, "license_mean": 0.9900990099009900990099009901, "format_mean": 0.6336633663366336633663366337}