{"update_time_mean": 0.01470588235294117647058823529, "license_mean": 0.9901960784313725490196078431, "format_mean": 0.6372549019607843137254901961}