{"update_time_mean": 0.01639344262295081967213114754, "license_mean": 0.9901639344262295081967213115, "format_mean": 0.6360655737704918032786885246}