{"update_time_mean": 0.01809210526315789473684210526, "license_mean": 0.9901315789473684210526315789, "format_mean": 0.6348684210526315789473684211}