{"update_time_mean": 0.006451612903225806451612903226, "license_mean": 0.9645161290322580645161290323, "format_mean": 0.6225806451612903225806451613}