{"license_mean": 0.964516129032258, "format_mean": 0.6225806451612903, "update_time_mean": 0.014516129032258065}