{"update_time_mean": 0.006535947712418300653594771242, "license_mean": 0.9901960784313725490196078431, "format_mean": 0.6372549019607843137254901961}