{"update_time_mean": 0.008143322475570032573289902280, "license_mean": 0.9902280130293159609120521173, "format_mean": 0.6384364820846905537459283388}