{"license_mean": 0.9900662251655629, "format_mean": 0.6357615894039735, "update_time_mean": 0.011589403973509934}