{"update_time_mean": 0, "license_mean": 0.9902597402597402597402597403, "format_mean": 0.6396103896103896103896103896}