{"update_time_mean": 0.01320132013201320132013201320, "license_mean": 0.9900990099009900990099009901, "format_mean": 0.6336633663366336633663366337}