{"license_mean": 0.9900662251655629, "format_mean": 0.6390728476821192, "update_time_mean": 0.009933774834437087}