{"update_time_mean": 0.004098360655737704918032786885, "license_mean": 0.8770491803278688524590163934, "format_mean": 0.8524590163934426229508196721}