{"license_mean": 1, "format_mean": 0.9719626168224299, "update_time_mean": 0.19158878504672897}