{"update_time_mean": 0.07870370370370370370370370370, "license_mean": 1, "format_mean": 0.9722222222222222222222222222}