{"update_time_mean": 0.08333333333333333333333333333, "license_mean": 1, "format_mean": 0.9722222222222222222222222222}