{"update_time_mean": 0.1915887850467289719626168224, "license_mean": 1, "format_mean": 0.9719626168224299065420560748}