{"update_time_mean": 0.1064814814814814814814814815, "license_mean": 1, "format_mean": 0.9722222222222222222222222222}