{"update_time_mean": 0.01388888888888888888888888889, "license_mean": 1, "format_mean": 0.9722222222222222222222222222}