{"update_time_mean": 0.09722222222222222222222222222, "license_mean": 1, "format_mean": 0.9722222222222222222222222222}