{"license_mean": 0.8770491803278688, "format_mean": 0.8524590163934426, "update_time_mean": 0.004098360655737705}