{"update_time_mean": 0.01851851851851851851851851852, "license_mean": 1, "format_mean": 0.9722222222222222222222222222}