{"update_time_mean": 0.09813084112149532710280373832, "license_mean": 1, "format_mean": 0.9719626168224299065420560748}