{"update_time_mean": 0.08796296296296296296296296296, "license_mean": 1, "format_mean": 0.9722222222222222222222222222}