{"update_time_mean": 0.004629629629629629629629629630, "license_mean": 1, "format_mean": 0.9722222222222222222222222222}