{"update_time_mean": 0.1712962962962962962962962963, "license_mean": 1, "format_mean": 0.9722222222222222222222222222}