{"update_time_mean": 0.1018518518518518518518518519, "license_mean": 1, "format_mean": 0.9722222222222222222222222222}