{"update_time_mean": 0.2164948453608247422680412371, "license_mean": 1, "format_mean": 0.9845360824742268041237113402}