{"update_time_mean": 0.2258883248730964467005076142, "license_mean": 1, "format_mean": 0.9847715736040609137055837563}