{"update_time_mean": 0.2081218274111675126903553299, "license_mean": 1, "format_mean": 0.9847715736040609137055837563}