{"update_time_mean": 0.2131979695431472081218274112, "license_mean": 1, "format_mean": 0.9847715736040609137055837563}