{"update_time_mean": 0.3959390862944162436548223350, "license_mean": 1, "format_mean": 0.9847715736040609137055837563}