{"update_time_mean": 0.04292929292929292929292929293, "license_mean": 1, "format_mean": 0.9848484848484848484848484848}