{"update_time_mean": 0.2449494949494949494949494949, "license_mean": 1, "format_mean": 0.9848484848484848484848484848}