{"update_time_mean": 0.2994923857868020304568527919, "license_mean": 1, "format_mean": 0.9847715736040609137055837563}