{"update_time_mean": 0.1994949494949494949494949495, "license_mean": 1, "format_mean": 0.9848484848484848484848484848}