{"update_time_mean": 0.2230769230769230769230769231, "license_mean": 1, "format_mean": 0.9846153846153846153846153846}