{"update_time_mean": 0.2893401015228426395939086294, "license_mean": 1, "format_mean": 0.9847715736040609137055837563}