{"update_time_mean": 0.3502538071065989847715736041, "license_mean": 1, "format_mean": 0.9847715736040609137055837563}