{"update_time_mean": 0.08080808080808080808080808081, "license_mean": 1, "format_mean": 0.9848484848484848484848484848}