{"update_time_mean": 0.06060606060606060606060606061, "license_mean": 1, "format_mean": 0.9848484848484848484848484848}