{"update_time_mean": 0.2182741116751269035532994924, "license_mean": 1, "format_mean": 0.9847715736040609137055837563}