{"license_mean": 1, "format_mean": 0.984375, "update_time_mean": 0.17708333333333334}