{"update_time_mean": 0.2969543147208121827411167513, "license_mean": 1, "format_mean": 0.9847715736040609137055837563}