{"update_time_mean": 0.2208121827411167512690355330, "license_mean": 1, "format_mean": 0.9847715736040609137055837563}