{"license_mean": 0.8687782805429864, "format_mean": 0.8574660633484162, "update_time_mean": 0.17873303167420815}