{"update_time_mean": 0.2139175257731958762886597938, "license_mean": 1, "format_mean": 0.9845360824742268041237113402}