{"update_time_mean": 0.2601010101010101010101010101, "license_mean": 1, "format_mean": 0.9848484848484848484848484848}