{"update_time_mean": 0.1944444444444444444444444444, "license_mean": 1, "format_mean": 0.9848484848484848484848484848}