{"update_time_mean": 0.1085858585858585858585858586, "license_mean": 1, "format_mean": 0.9848484848484848484848484848}