{"update_time_mean": 0.3984771573604060913705583756, "license_mean": 1, "format_mean": 0.9847715736040609137055837563}