{"update_time_mean": 0.06818181818181818181818181818, "license_mean": 1, "format_mean": 0.9848484848484848484848484848}