{"update_time_mean": 0.2828282828282828282828282828, "license_mean": 1, "format_mean": 0.9848484848484848484848484848}