{"update_time_mean": 0.2124352331606217616580310881, "license_mean": 1, "format_mean": 0.9844559585492227979274611399}