{"update_time_mean": 0.3888888888888888888888888889, "license_mean": 1, "format_mean": 0.9848484848484848484848484848}