{"update_time_mean": 0.2087628865979381443298969072, "license_mean": 1, "format_mean": 0.9845360824742268041237113402}