{"update_time_mean": 0.3020304568527918781725888325, "license_mean": 1, "format_mean": 0.9847715736040609137055837563}