{"update_time_mean": 0.2061855670103092783505154639, "license_mean": 1, "format_mean": 0.9845360824742268041237113402}