{"update_time_mean": 0.2461928934010152284263959391, "license_mean": 1, "format_mean": 0.9847715736040609137055837563}