{"update_time_mean": 0.05555555555555555555555555556, "license_mean": 1, "format_mean": 0.9848484848484848484848484848}