{"update_time_mean": 0.04797979797979797979797979798, "license_mean": 1, "format_mean": 0.9848484848484848484848484848}