{"update_time_mean": 0.2256410256410256410256410256, "license_mean": 1, "format_mean": 0.9846153846153846153846153846}