{"update_time_mean": 0.2525252525252525252525252525, "license_mean": 1, "format_mean": 0.9848484848484848484848484848}