{"update_time_mean": 0.2360406091370558375634517766, "license_mean": 1, "format_mean": 0.9847715736040609137055837563}