{"update_time_mean": 0.2335025380710659898477157360, "license_mean": 1, "format_mean": 0.9847715736040609137055837563}