{"update_time_mean": 0.07575757575757575757575757576, "license_mean": 1, "format_mean": 0.9848484848484848484848484848}