{"license_mean": 1, "format_mean": 0.984375, "update_time_mean": 0.16666666666666666}