{"update_time_mean": 0.2727272727272727272727272727, "license_mean": 1, "format_mean": 0.9848484848484848484848484848}