{"update_time_mean": 0.2752525252525252525252525253, "license_mean": 1, "format_mean": 0.9848484848484848484848484848}