{"update_time_mean": 0.2113402061855670103092783505, "license_mean": 1, "format_mean": 0.9845360824742268041237113402}