{"update_time_mean": 0.07070707070707070707070707071, "license_mean": 1, "format_mean": 0.9848484848484848484848484848}