{"update_time_mean": 0.2057291666666666666666666667, "license_mean": 1, "format_mean": 0.984375}