{"update_time_mean": 0.3030303030303030303030303030, "license_mean": 1, "format_mean": 0.9848484848484848484848484848}