{"update_time_mean": 0.2777777777777777777777777778, "license_mean": 1, "format_mean": 0.9848484848484848484848484848}