{"update_time_mean": 0.005376344086021505376344086022, "license_mean": 1, "format_mean": 0.5268817204301075268817204301}