{"update_time_mean": 0.1632653061224489795918367347, "license_mean": 1, "format_mean": 0.7959183673469387755102040816}