{"update_time_mean": 0.03061224489795918367346938776, "license_mean": 1, "format_mean": 0.7959183673469387755102040816}