{"license_mean": 1, "format_mean": 0.776595744680851, "update_time_mean": 0.010638297872340425}