{"update_time_mean": 0.03763440860215053763440860215, "license_mean": 1, "format_mean": 0.5268817204301075268817204301}