{"update_time_mean": 0.03225806451612903225806451613, "license_mean": 1, "format_mean": 0.5268817204301075268817204301}