{"update_time_mean": 0.02127659574468085106382978723, "license_mean": 1, "format_mean": 0.7765957446808510638297872340}