{"license_mean": 1, "format_mean": 0.5268817204301075, "update_time_mean": 0.05913978494623656}