{"update_time_mean": 0.2959183673469387755102040816, "license_mean": 1, "format_mean": 0.7959183673469387755102040816}