{"license_mean": 1, "format_mean": 0.5384615384615384, "update_time_mean": 0.005494505494505495}