{"update_time_mean": 0.01063829787234042553191489362, "license_mean": 1, "format_mean": 0.7765957446808510638297872340}