{"update_time_mean": 0.1428571428571428571428571429, "license_mean": 1, "format_mean": 0.7959183673469387755102040816}