{"update_time_mean": 0.1530612244897959183673469388, "license_mean": 1, "format_mean": 0.7959183673469387755102040816}