{"update_time_mean": 0.02688172043010752688172043011, "license_mean": 1, "format_mean": 0.5268817204301075268817204301}