{"update_time_mean": 0.02040816326530612244897959184, "license_mean": 1, "format_mean": 0.7959183673469387755102040816}