{"update_time_mean": 0.01020408163265306122448979592, "license_mean": 1, "format_mean": 0.7959183673469387755102040816}