{"license_mean": 0.7674418604651163, "format_mean": 0.01744186046511628, "update_time_mean": 0}