{"update_time_mean": 0.01408450704225352112676056338, "license_mean": 0.8873239436619718309859154930, "format_mean": 0}