{"update_time_mean": 0.02112676056338028169014084507, "license_mean": 0.8873239436619718309859154930, "format_mean": 0}