{"license_mean": 0.8873239436619719, "format_mean": 0, "update_time_mean": 0.028169014084507043}