{"update_time_mean": 0.007042253521126760563380281690, "license_mean": 0.8873239436619718309859154930, "format_mean": 0}