{"update_time_mean": 0.05400696864111498257839721254, "license_mean": 0.9361207897793263646922183508, "format_mean": 0.2166085946573751451800232288}