{"update_time_mean": 0.06666666666666666666666666667, "license_mean": 0.9725490196078431372549019608, "format_mean": 0}