{"update_time_mean": 0.04545454545454545454545454545, "license_mean": 1, "format_mean": 0.7727272727272727272727272727}