{"update_time_mean": 0.05063291139240506329113924051, "license_mean": 0.9746835443037974683544303797, "format_mean": 0.7594936708860759493670886076}