{"update_time_mean": 0.02559055118110236220472440945, "license_mean": 0.9960629921259842519685039370, "format_mean": 0.6279527559055118110236220472}