{"update_time_mean": 0.09244992295839753466872110940, "license_mean": 0.9953775038520801232665639445, "format_mean": 0.01078582434514637904468412943}