{"update_time_mean": 0.01190476190476190476190476190, "license_mean": 1, "format_mean": 0.7619047619047619047619047619}