{"update_time_mean": 0.01158940397350993377483443709, "license_mean": 0.9900662251655629139072847682, "format_mean": 0.6357615894039735099337748344}