{"update_time_mean": 0.009933774834437086092715231788, "license_mean": 0.9900662251655629139072847682, "format_mean": 0.6390728476821192052980132450}