{"update_time_mean": 0.1614583333333333333333333333, "license_mean": 1, "format_mean": 0.984375}