{"update_time_mean": 0.1651583710407239819004524887, "license_mean": 0.8687782805429864253393665158, "format_mean": 0.8574660633484162895927601810}