{"update_time_mean": 0.02816901408450704225352112676, "license_mean": 0.8873239436619718309859154930, "format_mean": 0}